,county_name,latitude,longitude,flag
0,Abbotsbury,-33.8692846,150.8667029,1
1,Abbotsford,-33.8505529,151.129759,1
2,Acacia Gardens,-33.7324595,150.9125321,1
3,Agnes Banks,-33.6145082,150.7114482,1
4,Airds,-34.09,150.8261111,1
5,Alexandria,-33.9091568,151.1921281,1
6,Alfords Point,-33.9839091,151.0241615,1
7,Allambie Heights,-33.7705067,151.249675,1
8,Allawah,-33.9696293,151.1142847,1
9,Ambarvale,-34.0844252,150.8017477,1
10,Annandale,-33.881224,151.1709976,1
11,Annangrove,-33.6574838,150.9460077,1
12,Arcadia,-33.6227289,151.0605602,1
13,Arncliffe,-33.938236,151.145508,1
14,Arndell Park,-33.79,150.8761111,1
15,Artarmon,-33.808955,151.1853088,1
16,Ashbury,-33.9001107,151.1180724,1
17,Ashcroft,-33.915,150.9011111,1
18,Ashfield,-33.8894781,151.1274125,1
19,Asquith,-33.6871935,151.1110257,1
20,Auburn,-33.8545702,151.0255673,1
21,Austral,-33.9282672,150.8082824,1
22,Avalon Beach,-33.6365039,151.3290299,1
23,Badgerys Creek,-33.9147851,150.7059611,1
24,Balgowlah,-33.7944424,151.2608261,1
25,Balgowlah Heights,-33.807495,151.2649923,1
26,Balmain,-33.8583992,151.1807353,1
27,Balmain East,-33.8571789,151.192354,1
28,Bangor,-34.0155034,151.0334872,1
29,Banksia,-33.9448646,151.1402066,1
30,Banksmeadow,-33.9542459,151.2157073,1
31,Bankstown,-33.9171897,151.0335881,1
32,Bankstown Aerodrome,-33.9235,150.9901,1
33,Barangaroo,-33.8614084,151.2016877,1
34,Barden Ridge,-34.0311727,151.0105268,1
35,Bardia,-33.9763948,150.8604327,1
36,Bardwell Park,-33.9355556,151.1238889,1
37,Bardwell Valley,-33.937452,151.1304335,1
38,Bass Hill,-33.8986251,150.9974484,1
39,Baulkham Hills,-33.7611198,150.9914041,1
40,Bayview,-33.6576847,151.2866735,1
41,Beacon Hill,-33.751787,151.2600828,1
42,Beaconsfield,-33.9114691,151.200315,1
43,Beaumont Hills,-33.6997222,150.9405556,1
44,Beecroft,-33.7497631,151.0657475,1
45,Belfield,-33.9045165,151.0860013,1
46,Bella Vista,-33.7416936,150.9547183,1
47,Bellevue Hill,-33.8797123,151.2561988,1
48,Belmore,-33.9194073,151.0878936,1
49,Belrose,-33.730009,151.2191438,1
50,Berala,-33.8753943,151.0343253,1
51,Berkshire Park,-33.6816667,150.7844444,1
52,Berowra,-33.6264261,151.1473881,1
53,Berowra Creek,-33.7109343,151.0640894,1
54,Berowra Heights,-33.6095775,151.1373221,1
55,Berowra Waters,-33.5994177,151.1229517,1
56,Berrilee,-33.6127484,151.1055143,1
57,Beverley Park,-33.9787995,151.1316285,1
58,Beverly Hills,-33.9497444,151.0817342,1
59,Bexley,-33.9523543,151.1181427,1
60,Bexley North,-33.9425365,151.1152081,1
61,Bickley Vale,-34.0789563,150.6617103,1
62,Bidwill,-33.7319476,150.823408,1
63,Bilgola Beach,-33.6443165,151.324484,1
64,Bilgola Plateau,-33.6438092,151.315858,1
65,Birchgrove,-33.8507685,151.1830352,1
66,Birrong,-33.8918622,151.0201957,1
67,Blackett,-33.7372232,150.815,1
68,Blacktown,-33.7739882,150.9036186,1
69,Blair Athol,-34.0627778,150.7997222,1
70,Blairmount,-34.0483333,150.7927778,1
71,Blakehurst,-33.9898519,151.1085596,1
72,Bligh Park,-33.6383333,150.7980556,1
73,Bondi,-33.8930556,151.2633333,1
74,Bondi Beach,-33.8906977,151.2724119,1
75,Bondi Junction,-33.8930034,151.2501228,1
76,Bonnet Bay,-34.0101087,151.053572,1
77,Bonnyrigg,-33.8936698,150.888281,1
78,Bonnyrigg Heights,-33.8912101,150.8695795,1
79,Bossley Park,-33.8622222,150.8844444,1
80,Botany,-33.947829,151.1990644,1
81,Bow Bowing,-34.0161463,150.8405606,1
82,Box Hill,-33.6425,150.8988889,1
83,Bradbury,-34.0816667,150.8177778,1
84,Breakfast Point,-33.8422769,151.1111054,1
85,Brighton-Le-Sands,-33.9580947,151.1526052,1
86,Bringelly,-33.9393505,150.7309705,1
87,Bronte,-33.9042128,151.2637774,1
88,Brooklyn,-33.5469129,151.2265249,1
89,Brookvale,-33.7628854,151.2707024,1
90,Bundeena,-34.0845443,151.1512348,1
91,Bungarribee,-33.7822832,150.86499,1
92,Burraneer,-34.0644603,151.1377905,1
93,Burwood,-33.8784753,151.104049,1
94,Burwood Heights,-33.8894444,151.1038889,1
95,Busby,-33.915,150.8844444,1
96,Cabarita,-33.8475029,151.1158878,1
97,Cabramatta,-33.8983188,150.9344502,1
98,Cabramatta West,-33.8916949,150.914639,1
99,Caddens,-33.773603,150.7288643,1
100,Cambridge Gardens,-33.7377967,150.7205556,1
101,Cambridge Park,-33.7501365,150.7269025,1
102,Camden,-34.0532323,150.6961705,1
103,Camden South,-34.0829554,150.6966472,1
104,Camellia,-33.8197799,151.0346488,1
105,Cammeray,-33.8222738,151.2139868,1
106,Campbelltown,-34.0636914,150.8206159,1
107,Camperdown,-33.8896116,151.1800986,1
108,Campsie,-33.9143894,151.1032133,1
109,Canada Bay,-33.8646692,151.1151554,1
110,Canley Heights,-33.8816667,150.9261111,1
111,Canley Vale,-33.8871356,150.9462342,1
112,Canoelands,-33.4990952,151.0807415,1
113,Canterbury,-33.9130231,151.1170149,1
114,Caringbah,-34.0354477,151.1248018,1
115,Caringbah South,-34.0554491,151.1205937,1
116,Carlingford,-33.7744947,151.0475215,1
117,Carlton,-33.9707904,151.1213704,1
118,Carnes Hill,-33.9378294,150.8504602,1
119,Carramar,-33.8838889,150.9636111,1
120,Carss Park,-33.9869843,151.1169446,1
121,Cartwright,-33.9250864,150.8913549,1
122,Castle Cove,-33.7865285,151.2143187,1
123,Castle Hill,-33.7315318,151.0071718,1
124,Castlecrag,-33.8003455,151.2197795,1
125,Castlereagh,-33.6647962,150.6844521,1
126,Casula,-33.9522222,150.8952778,1
127,Catherine Field,-33.9926657,150.7650245,1
128,Cattai,-33.5482394,150.9164045,1
129,Cawdor,-34.0996474,150.6726512,1
130,Cecil Hills,-33.89,150.8511111,1
131,Cecil Park,-33.8922547,150.8135524,1
132,Centennial Park,-33.8977778,151.2338889,1
133,Central Business District,-33.85719805,151.21512338473752,1
134,Chatswood,-33.7944797,151.1818571,1
135,Chatswood West,-33.7960029,151.1597081,1
136,Cheltenham,-33.7569444,151.0775,1
137,Cherrybrook,-33.7227778,151.0461111,1
138,Chester Hill,-33.8816667,151.0011111,1
139,Chifley,-33.9702813,151.2394867,1
140,Chippendale,-33.8863291,151.1998211,1
141,Chipping Norton,-33.919687,150.9630711,1
142,Chiswick,-33.8498337,151.1378781,1
143,Chullora,-33.8925,151.0477778,1
144,Church Point,-33.6500957,151.2853102,1
145,Claremont Meadows,-33.7691667,150.7483333,1
146,Clarendon,-33.6105511,150.7888909,1
147,Clareville,-33.6320071,151.3145323,1
148,Claymore,-34.0469444,150.81,1
149,Clemton Park,-33.9258322,151.1029075,1
150,Clontarf,-33.8072973,151.2540699,1
151,Clovelly,-33.9126387,151.2617904,1
152,Clyde,-33.833532,151.0218891,1
153,Coasters Retreat,-33.6048099,151.2988042,1
154,Cobbitty,-33.896256199999996,151.1007201558444,1
155,Colebee,-33.7270077,150.8521783,1
156,Collaroy,-33.7382194,151.2996618,1
157,Collaroy Plateau,-33.7303841,151.2910394,1
158,Colyton,-33.7822222,150.7958333,1
159,Como,-34.0032179,151.0631257,1
160,Concord,-33.8556716,151.1067667,1
161,Concord West,-33.843168,151.0920563,1
162,Condell Park,-33.9227852,151.0113144,1
163,Connells Point,-33.9869476,151.0942725,1
164,Constitution Hill,-33.7952082,150.9727813,1
165,Coogee,-33.9217004,151.2557975,1
166,Cornwallis,-33.59,150.8094444,1
167,Cottage Point,-33.6195161,151.203318,1
168,Cowan,-33.5888297,151.1698568,1
169,Cranebrook,-33.7048583,150.70641,1
170,Cremorne,-33.8260081,151.2254326,1
171,Cremorne Point,-33.8409547,151.2279762,1
172,Cromer,-33.7385227,151.2762995,1
173,Cronulla,-34.0575259,151.1523851,1
174,Crows Nest,-33.8255649,151.2036095,1
175,Croydon,-33.8777935,151.1156502,1
176,Croydon Park,-33.8975316,151.1024641,1
177,Curl Curl,-33.7698341,151.2898175,1
178,Currans Hill,-34.0463519,150.7712456,1
179,Currawong Beach,-33.5952267,151.2987319,1
180,Daceyville,-33.9289328,151.2251839,1
181,Dangar Island,-33.5387077,151.239494,1
182,Darling Point,-33.8730723,151.2376378,1
183,Darlinghurst,-33.8783381,151.219225,1
184,Darlington,-33.890862,151.1932156,1
185,Davidson,-33.7398592,151.1942222,1
186,Dawes Point,-33.8572223,151.2067756,1
187,Dean Park,-33.7328296,150.852577,1
188,Dee Why,-33.7536635,151.2899954,1
189,Denham Court,-33.9813889,150.8294444,1
190,Denistone,-33.7989066,151.0887,1
191,Denistone East,-33.7962842,151.0982887,1
192,Denistone West,-33.8005739,151.0767642,1
193,Dharruk,-33.7480556,150.8147222,1
194,Dolans Bay,-34.0644424,151.1282277,1
195,Dolls Point,-33.9936111,151.1447222,1
196,Doonside,-33.7549501,150.8685985,1
197,Double Bay,-33.8766373,151.24245,1
198,Dover Heights,-33.8739831,151.2810366,1
199,Drummoyne,-33.8520678,151.153689,1
200,Duffys Forest,-33.6733265,151.1927796,1
201,Dulwich Hill,-33.9045849,151.1386091,1
202,Dundas,-33.802949,151.0440587,1
203,Dundas Valley,-33.7936744,151.0559069,1
204,Dural,-33.6876398,151.0267199,1
205,Eagle Vale,-34.0377778,150.8111111,1
206,Earlwood,-33.9247222,151.1313889,1
207,East Gordon,-33.7553899,151.1518099,1
208,East Hills,-33.960853,150.9879189,1
209,East Killara,-33.7554823,151.1811998,1
210,East Kurrajong,-33.515,150.7677778,1
211,East Lindfield,-33.7681132,151.1883362,1
212,East Ryde,-33.8097017,151.1353884,1
213,Eastern Creek,-33.6750568,150.8533885,1
214,Eastgardens,-33.9447657,151.2250921,1
215,Eastlakes,-33.9310733,151.2113667,1
216,Eastwood,-33.79,151.0844444,1
217,Ebenezer,-33.5166293,150.8874434,1
218,Edensor Park,-33.8802849,150.8762602,1
219,Edgecliff,-33.8797692,151.2361116,1
220,Edmondson Park,-33.9628336,150.8563294,1
221,Elanora Heights,-33.6994613,151.2750587,1
222,Elderslie,-34.0590289,150.715403,1
223,Elizabeth Bay,-33.8716908,151.2282875,1
224,Elizabeth Hills,-33.9002288,150.8487942,1
225,Ellis Lane,-34.034956,150.6732584,1
226,Elvina Bay,-33.6377531,151.2802489,1
227,Emerton,-33.7477024,150.8043608,1
228,Emu Heights,-33.7372235,150.6511051,1
229,Emu Plains,-33.7483333,150.6677778,1
230,Enfield,-33.8900628,151.0959145,1
231,Engadine,-34.0650134,151.0138225,1
232,Englorie Park,-34.0806577,150.7950629,1
233,Enmore,-33.8996968,151.170986,1
234,Epping,-33.7718546,151.0745367,1
235,Ermington,-33.8101156,151.0600559,1
236,Erskine Park,-33.8086111,150.8013889,1
237,Erskineville,-33.9021718,151.1859881,1
238,Eschol Park,-34.0316667,150.8011111,1
239,Eveleigh,-33.895,151.1913889,1
240,Fairfield,-33.8728065,150.9523529,1
241,Fairfield East,-33.8747423,150.9721298,1
242,Fairfield Heights,-33.8662814,150.9395106,1
243,Fairfield West,-33.8689308,150.9243383,1
244,Fairlight,-33.7938789,151.2741471,1
245,Fiddletown,-33.5569323,151.0844279,1
246,Five Dock,-33.8690024,151.1290231,1
247,Flemington,-33.8648618,151.0699551,1
248,Forest Glen,-33.5483333,151.0177778,1
249,Forest Lodge,-33.8805556,151.1783333,1
250,Forestville,-33.7620891,151.2150889,1
251,Freemans Reach,-33.5632311,150.8024693,1
252,Frenchs Forest,-33.7479954,151.2292718,1
253,Freshwater,-33.7750987,151.2844815,1
254,Galston,-33.6467002,151.0642498,1
255,Georges Hall,-33.9101113,150.9879924,1
256,Gilead,-34.115,150.7844444,1
257,Girraween,-33.7983305,150.9427707,1
258,Gladesville,-33.8275,151.1263889,1
259,Glebe,-33.8777782,151.1862377,1
260,Gledswood Hills,-34.0102826,150.78002,1
261,Glen Alpine,-34.09,150.7844444,1
262,Glendenning,-33.7483333,150.8511111,1
263,Glenfield,-33.9733455,150.8957217,1
264,Glenhaven,-33.7027383,151.0008049,1
265,Glenmore Park,-33.7887972,150.669496,1
266,Glenorie,-33.5658885,150.9927835,1
267,Glenwood,-33.7331483,150.928232,1
268,Glossodia,-33.5334431,150.7853962,1
269,Gordon,-33.7553899,151.1518099,1
270,Granville,-33.8345097,151.0060111,1
271,Grasmere,-34.0579584,150.6707384,1
272,Grays Point,-34.0591451,151.0786995,1
273,Great Mackerel Beach,-33.591505,151.2988852,1
274,Green Valley,-33.9024601,150.8674187,1
275,Greenacre,-33.9022902,151.058546,1
276,Greendale,-33.9150012,150.6677734,1
277,Greenfield Park,-33.8752778,150.8919444,1
278,Greenhills Beach,-34.0360657,151.1632914,1
279,Greenwich,-33.8300104,151.1855621,1
280,Gregory Hills,-34.0276672,150.7761923,1
281,Greystanes,-33.8262187,150.9414378,1
282,Grose Vale,-33.5764147,150.6552959,1
283,Grose Wold,-33.6030113,150.6745178,1
284,Guildford,-33.8561049,150.9939232,1
285,Guildford West,-33.8483084,150.9657421,1
286,Gymea,-34.0341447,151.085653,1
287,Gymea Bay,-34.0522918,151.0970783,1
288,Haberfield,-33.8794325,151.1391605,1
289,Hammondville,-33.9511518,150.9608619,1
290,Harrington Park,-34.0247325,150.7422344,1
291,Harris Park,-33.8224029,151.0117558,1
292,Hassall Grove,-33.7316667,150.8344444,1
293,Haymarket,-33.8814408,151.2044524,1
294,Heathcote,-34.0848266,151.007392,1
295,Hebersham,-33.7455739,150.8253839,1
296,Heckenberg,-33.9077778,150.8913889,1
297,Henley,-33.8423815,151.1360364,1
298,Hillsdale,-33.9529465,151.2274123,1
299,Hinchinbrook,-33.9159661,150.8645957,1
300,Hobartville,-33.604718,150.7436152,1
301,Holroyd,-33.8297155,150.9974898,1
302,Holsworthy,-33.9597307,150.9502719,1
303,Homebush,-33.860451,151.0806118,1
304,Homebush West,-33.8619802,151.0665026,1
305,Horningsea Park,-33.9460804,150.8432271,1
306,Hornsby,-33.6980331,151.0957334,1
307,Hornsby Heights,-33.6589881,151.098374,1
308,Horsley Park,-33.8387723,150.8484629,1
309,Hoxton Park,-33.9294022,150.8560164,1
310,Hunters Hill,-33.8336171,151.1449446,1
311,Huntingwood,-33.797973,150.881592,1
312,Huntleys Cove,-33.8383333,151.1375,1
313,Huntleys Point,-33.8422131,151.1419664,1
314,Hurlstone Park,-33.91,151.1286111,1
315,Hurstville,-33.960707,151.1003611,1
316,Hurstville Grove,-33.9775526,151.0929579,1
317,Illawong,-33.9973348,151.0429726,1
318,Ingleburn,-33.9983333,150.8511111,1
319,Ingleside,-33.6882558,151.2525009,1
320,Jamisontown,-33.7679769,150.674815,1
321,Jannali,-34.0163159,151.0658096,1
322,Jordan Springs,-33.7250215,150.7271271,1
323,Kangaroo Point,-34.002073,151.0967132,1
324,Kareela,-34.0157553,151.0812662,1
325,Kearns,-34.0233333,150.8011111,1
326,Kellyville,-33.7158272,150.954993,1
327,Kellyville Ridge,-33.7025,150.9186111,1
328,Kemps Creek,-33.8721433,150.7938975,1
329,Kensington,-33.9117191,151.2195058,1
330,Kenthurst,-33.6436678,150.9761716,1
331,Kentlyn,-34.0591667,150.8697222,1
332,Killara,-33.7660606,151.1601121,1
333,Killarney Heights,-33.7724836,151.221976,1
334,Kings Langley,-33.7505506,150.9372174,1
335,Kings Park,-33.7433333,150.9086111,1
336,Kingsford,-33.9215922,151.2272307,1
337,Kingsgrove,-33.9371844,151.0996523,1
338,Kingswood,-33.7613772,150.7213283,1
339,Kingswood Park,-33.7613772,150.7213283,1
340,Kirkham,-34.0351341,150.711839,1
341,Kirrawee,-34.0344781,151.0726428,1
342,Kirribilli,-33.8476659,151.2158138,1
343,Kogarah,-33.968226,151.1354509,1
344,Kogarah Bay,-33.9816792,151.1239702,1
345,Ku-ring-gai Chase,-33.6502778,151.2008333,1
346,Kurmond,-33.5483333,150.701111,1
347,Kurnell,-34.0222379,151.1880555,1
348,Kurraba Point,-33.8415873,151.223028,1
349,Kurrajong,-33.5532572,150.6677058,1
350,Kurrajong Hills,-33.5420672,150.6483995,1
351,Kyeemagh,-33.9492195,151.1607373,1
352,Kyle Bay,-33.9897577,151.0992166,1
353,La Perouse,-33.9887589,151.2318011,1
354,Lakemba,-33.9196311,151.0749236,1
355,Lalor Park,-33.7649937,150.9288833,1
356,Lane Cove,-33.8160672,151.1678195,1
357,Lane Cove North,-33.8059265,151.1617117,1
358,Lane Cove West,-33.8119396,151.150078,1
359,Lansdowne,-33.8948687,150.9740821,1
360,Lansvale,-33.9003985,150.9510782,1
361,Laughtondale,-33.4224715,151.0267219,1
362,Lavender Bay,-33.8432002,151.2074155,1
363,Leets Vale,-33.4316667,150.9511111,1
364,Leichhardt,-33.8819328,151.155867,1
365,Len Waters Estate,-33.9146,150.8532,1
366,Leonay,-33.7650058,150.6511051,1
367,Leppington,-33.9543857,150.80806378606871,1
368,Lethbridge Park,-33.7386041,150.8014499,1
369,Leumeah,-34.0543113,150.8371354,1
370,Lewisham,-33.8953868,151.1466449,1
371,Liberty Grove,-33.8413889,151.0838889,1
372,Lidcombe,-33.8630649,151.0456771,1
373,Lilli Pilli,-34.0680729,151.1159938,1
374,Lilyfield,-33.8709879,151.1616185,1
375,Lindfield,-33.7802907,151.1595848,1
376,Linley Point,-33.8272222,151.15,1
377,Little Bay,-33.9834309,151.2470329,1
378,Liverpool,-33.9198252,150.92566,1
379,Llandilo,-33.715,150.7511111,1
380,Loftus,-34.0434357,151.0504559,1
381,Londonderry,-33.6483333,150.7344444,1
382,Long Point,-34.0156584,150.8983181,1
383,Longueville,-33.8291667,151.1686111,1
384,Lovett Bay,-33.6325997,151.2763618,1
385,Lower Portland,-33.8354519,151.2083011,1
386,Lucas Heights,-34.0400221,150.9986588,1
387,Luddenham,-33.8779831,150.6901151,1
388,Lugarno,-33.9823958,151.0450193,1
389,Lurnea,-33.9358333,150.8972222,1
390,Macquarie Fields,-33.9904477,150.8849303,1
391,Macquarie Links,-33.9816667,150.8733333,1
392,Macquarie Park,-33.7814961,151.1256747,1
393,Maianbar,-34.0783413,151.1303571,1
394,Malabar,-33.9629779,151.2480171,1
395,Manly,-33.8038504,151.2908235,1
396,Manly Vale,-33.7830838,151.2659938,1
397,Maraylya,-33.5913984,150.9221281,1
398,Marayong,-33.7491667,150.8919444,1
399,Maroota,-33.4577956,150.9829191,1
400,Maroubra,-33.9453441,151.2456824,1
401,Marrickville,-33.9103854,151.1556908,1
402,Marsden Park,-33.6956552,150.8147975,1
403,Marsfield,-33.7777956,151.1032015,1
404,Mascot,-33.9289562,151.1951782,1
405,Matraville,-33.9639325,151.2334198,1
406,Mays Hill,-33.8205758,150.9884915,1
407,McCarrs Creek,-33.6432304,151.2775346,1
408,McGraths Hill,-33.615,150.8344444,1
409,McMahons Point,-33.8443387,151.2027957,1
410,Meadowbank,-33.8174993,151.0884249,1
411,Melrose Park,-33.8153435,151.0733298,1
412,Menai,-34.014811,151.0164823,1
413,Menangle Park,-34.1034092,150.7468493,1
414,Merrylands,-33.8350765,150.9860379,1
415,Merrylands West,-33.8359501,150.9681261,1
416,Middle Cove,-33.7927992,151.2112471,1
417,Middle Dural,-33.6367412,151.0127369,1
418,Middleton Grange,-33.9147154,150.8423882,1
419,Miller,-33.9205556,150.8805556,1
420,Millers Point,-33.8599129,151.2041274,1
421,Milperra,-33.9388237,150.9846424,1
422,Milsons Passage,-33.5157613,151.1768241,1
423,Milsons Point,-33.8471255,151.2115234,1
424,Minchinbury,-33.7866731,150.8272222,1
425,Minto,-34.0316667,150.8511111,1
426,Minto Heights,-34.0379407,150.8715274,1
427,Miranda,-34.0335434,151.1037193,1
428,Mona Vale,-33.6769931,151.3029577,1
429,Monterey,-33.9720137,151.1480392,1
430,Moore Park,-33.8958333,151.2219444,1
431,Moorebank,-33.9332633,150.949686,1
432,Morning Bay,-33.628361,151.2879035,1
433,Mortdale,-33.9672997,151.0721865,1
434,Mortlake,-33.8410416,151.1061114,1
435,Mosman,-33.8301355,151.2447663,1
436,Mount Annan,-34.0782799,150.7632296,1
437,Mount Colah,-33.6719686,151.1145291,1
438,Mount Druitt,-33.7705556,150.8205556,1
439,Mount Kuring-Gai,-33.6530641,151.1368864,1
440,Mount Lewis,-33.9156089,151.0499433,1
441,Mount Pritchard,-33.9027189,150.9031488,1
442,Mount Vernon,-33.8566667,150.8094444,1
443,Mulgoa,-33.8371562,150.6504013,1
444,Mulgrave,-33.627219,150.8316603,1
445,Narellan Vale,-34.0524175,150.7446725,1
446,Naremburn,-33.8171309,151.2020304,1
447,Narrabeen,-33.7135699,151.2978164,1
448,Narraweena,-33.7502066,151.2741566,1
449,Narwee,-33.9455556,151.0694444,1
450,Nelson,-33.6478291,150.9213361,1
451,Neutral Bay,-33.8342887,151.2182049,1
452,Newington,-33.8342301,151.0558716,1
453,Newport,-33.6591061,151.3164331,1
454,Newtown,-33.8961132,151.1801893,1
455,Normanhurst,-33.7238649,151.0977351,1
456,North Balgowlah,-33.7881457,151.2507285,1
457,North Bondi,-33.882351,151.2768611,1
458,North Curl Curl,-33.7630002,151.2904773,1
459,North Epping,-33.7586111,151.0941667,1
460,North Kellyville,-33.6859488,150.9535842,1
461,North Manly,-33.7729035,151.2707221,1
462,North Narrabeen,-33.70098,151.2936426,1
463,North Parramatta,-33.7952747,151.0116649,1
464,North Richmond,-33.5750113,150.7056842,1
465,North Rocks,-33.7713052,151.020996,1
466,North Ryde,-33.7975472,151.127306,1
467,North St Ives,-33.715,151.1677778,1
468,North St Marys,-33.7544444,150.7858333,1
469,North Strathfield,-33.8588178,151.088578,1
470,North Sydney,-33.8354519,151.2083011,1
471,North Turramurra,-33.6911595,151.1519372,1
472,North Willoughby,-33.7941912,151.2004163,1
473,North Wahroonga,-33.7024148,151.1283034,1
474,Northbridge,-33.8111111,151.2175,1
475,Northmead,-33.7844423,150.9983289,1
476,Northwood,-33.827964,151.1782693,1
477,Norwest,-33.733048,150.964298,1
478,Oakhurst,-33.7372222,150.8347222,1
479,Oakville,-33.6256687,150.8722092,1
480,Oatlands,-33.7973385,151.0256526,1
481,Oatley,-33.9841882,151.0743856,1
482,Old Guildford,-33.8636111,150.9844444,1
483,Old Toongabbie,-33.7858548,150.9699533,1
484,Oran Park,-33.9948805,150.7402568,1
485,Orchard Hills,-33.7816667,150.7177778,1
486,Oxford Falls,-33.7335222,151.2449266,1
487,Oxley Park,-33.7705556,150.795,1
488,Oyster Bay,-34.0032775,151.0812354,1
489,Paddington,-33.8841572,151.2272766,1
490,Padstow,-33.9487767,151.030116,1
491,Padstow Heights,-33.9704029,151.0330262,1
492,Pagewood,-33.936838,151.2216943,1
493,Palm Beach,-33.6005473,151.3231536,1
494,Panania,-33.9532567,150.9968874,1
495,Parklea,-33.725,150.9161111,1
496,Parramatta,-33.8175113,151.0054009,1
497,Peakhurst,-33.9616444,151.0590667,1
498,Peakhurst Heights,-33.9768872,151.0544039,1
499,Pemulwuy,-33.8164641,150.9284441,1
500,Pendle Hill,-33.7983305,150.959439,1
501,Pennant Hills,-33.7384663,151.0716639,1
502,Penrith,-33.7510792,150.6941684,1
503,Penshurst,-33.9648292,151.0849525,1
504,Petersham,-33.8945061,151.1554222,1
505,Phillip Bay,-33.9787887,151.2327229,1
506,Picnic Point,-33.9709556,151.0072387,1
507,Pitt Town,-33.5846533,150.8709805,1
508,Pitt Town Bottoms,-33.5872298,150.8449827,1
509,Pleasure Point,-33.9725,150.9877778,1
510,Plumpton,-33.7566667,150.8427778,1
511,Point Piper,-33.8676276,151.2515727,1
512,Port Botany,-33.9734678,151.2178519,1
513,Port Hacking,-34.07353,151.12613,1
514,Potts Hill,-33.8922191,151.0329222,1
515,Potts Point,-33.8670797,151.2259967,1
516,Prairiewood,-33.8631743,150.9055074,1
517,Prestons,-33.9415149,150.8747464,1
518,Prospect,-33.8002421,150.9218377,1
519,Punchbowl,-33.928717,151.0522591,1
520,Putney,-33.826067,151.1064224,1
521,Pymble,-33.7450185,151.1424708,1
522,Pyrmont,-33.8692145,151.1923633,1
523,Quakers Hill,-33.7344444,150.8788889,1
524,Queens Park,-33.8991667,151.2472222,1
525,Queenscliff,-33.7823916,151.2854011,1
526,Raby,-34.0233333,150.8177778,1
527,Ramsgate,-33.982713,151.1399314,1
528,Ramsgate Beach,-33.9824013,151.1461479,1
529,Randwick,-33.914121,151.2410046,1
530,Redfern,-33.8931044,151.2040292,1
531,Regents Park,-33.8820048,151.02569,1
532,Regentville,-33.7708351,150.6616622,1
533,Revesby,-33.9436876,151.0137191,1
534,Revesby Heights,-33.9683842,151.0189891,1
535,Rhodes,-33.8290589,151.0873578,1
536,Richmond,-33.6009721,150.7496405,1
537,Richmond Lowlands,-33.5652,150.7596,1
538,Riverstone,-33.6797545,150.8616695,1
539,Riverview,-33.823207,151.1600134,1
540,Riverwood,-33.9472222,151.0530556,1
541,Rockdale,-33.9542619,151.1403655,1
542,Rodd Point,-33.8658359,151.143583,1
543,Rookwood,-33.8737017,151.0552971,1
544,Rooty Hill,-33.7688649,150.8411802,1
545,Ropes Crossing,-33.7291948,150.7788889,1
546,Rose Bay,-33.8741644,151.265471,1
547,Rosebery,-33.9185861,151.204692,1
548,Rosehill,-33.8263889,151.0305556,1
549,Roselands,-33.9339943,151.0765121,1
550,Rosemeadow,-34.1066667,150.7927778,1
551,Roseville,-33.7826456,151.1827257,1
552,Roseville Chase,-33.7747222,151.2002778,1
553,Rossmore,-33.9483365,150.7677747,1
554,Rouse Hill,-33.6774941,150.9160933,1
555,Royal National Park,-34.0504392,151.0525978,1
556,Rozelle,-33.8645002,151.1743543,1
557,Ruse,-34.0733174,150.8463325,1
558,Rushcutters Bay,-33.8750365,151.2276557,1
559,Russell Lea,-33.8585361,151.1416007,1
560,Rydalmere,-33.8117088,151.0411702,1
561,Ryde,-33.8125405,151.1115717,1
562,Sackville,-33.4971446,150.8829012,1
563,Sackville North,-33.4816597,150.8844376,1
564,Sadleir,-33.9169444,150.8902778,1
565,Sandringham,-33.9971236,151.1400138,1
566,Sandy Point,-33.975407,150.9939195,1
567,Sans Souci,-33.9926292,151.1337972,1
568,Scheyville,-33.6017926,150.8928527,1
569,Schofields,-33.6971603,150.8711915,1
570,Scotland Island,-33.6397464,151.2911746,1
571,Seaforth,-33.7910792,151.2430284,1
572,Sefton,-33.8873088,151.0106256,1
573,Seven Hills,-33.7760305,150.9427044,1
574,Shalvey,-33.7277778,150.8066667,1
575,Shanes Park,-33.7075,150.7916667,1
576,Silverwater,-33.834881,151.0471218,1
577,Singletons Mill,-33.4648101,151.0738545,1
578,Smeaton Grange,-34.0340877,150.7553777,1
579,Smithfield,-33.8478215,150.9408736,1
580,South Coogee,-33.9322056,151.2539567,1
581,South Granville,-33.8577778,151.0105556,1
582,South Hurstville,-33.9777213,151.1060554,1
583,South Maroota,-33.5127778,150.9522222,1
584,South Penrith,-33.772521,150.6982616,1
585,South Turramurra,-33.7510951,151.1084667,1
586,South Wentworthville,-33.82134,150.9687481,1
587,South Windsor,-33.6302778,150.8041667,1
588,Spring Farm,-34.0694444,150.7272284,1
589,St Andrews,-34.0208333,150.8305556,1
590,St Clair,-33.7983333,150.7844444,1
591,St Helens Park,-34.1066667,150.8094444,1
592,St Ives,-33.7258869,151.1727212,1
593,St Ives Chase,-33.7030556,151.1652778,1
594,St Johns Park,-33.8816667,150.9011111,1
595,St Leonards,-33.8225666,151.1923402,1
596,St Marys,-33.7650204,150.7677778,1
597,St Peters,-33.9159472,151.176332,1
598,Stanhope Gardens,-33.710284,150.9258277,1
599,Stanmore,-33.8936689,151.1656456,1
600,Strathfield,-33.8791285,151.0811758,1
601,Strathfield South,-33.8966667,151.0788889,1
602,Summer Hill,-33.8933952,151.1368729,1
603,Surry Hills,-33.8845123,151.2100301,1
604,Sutherland,-34.0312587,151.0567639,1
605,Sydenham,-33.9147428,151.1661069,1
606,Sydney Olympic Park,-33.842903,151.072535,1
607,Sylvania,-34.0141205,151.0988161,1
608,Sylvania Waters,-34.0185844,151.11228,1
609,Tamarama,-33.8987452,151.2710753,1
610,Taren Point,-34.0200181,151.1226751,1
611,Telopea,-33.7939218,151.0409442,1
612,Tempe,-33.9247552,151.1647529,1
613,Tennyson,-33.5316667,150.7344444,1
614,Tennyson Point,-33.8313822,151.116944,1
615,Terrey Hills,-33.6918185,151.2205908,1
616,The Ponds,-33.7066667,150.9091667,1
617,The Rocks,-33.859992,151.2083216,1
618,The Slopes,-33.5342749,150.7041667,1
619,Thornleigh,-33.7236616,151.0809407,1
620,Toongabbie,-33.7866894,150.9526498,1
621,Tregear,-33.7486957,150.7957569,1
622,Turramurra,-33.7354346,151.1300645,1
623,Turrella,-33.9302706,151.1409234,1
624,Ultimo,-33.8794728,151.1984346,1
625,Varroville,-34.0066667,150.8177778,1
626,Vaucluse,-33.8558564,151.2761018,1
627,Villawood,-33.8857243,150.9837511,1
628,Vineyard,-33.6483333,150.8677778,1
629,Voyager Point,-33.9586149,150.9738889,1
630,Wahroonga,-33.720367,151.1142463,1
631,Waitara,-33.7094453,151.1055581,1
632,Wakeley,-33.8736111,150.9086111,1
633,Wallacia,-33.8653337,150.6409771,1
634,Wareemba,-33.8575001,151.1319513,1
635,Warrawee,-33.7279732,151.1232279,1
636,Warriewood,-33.690306,151.2942716,1
637,Warwick Farm,-33.915,150.9344444,1
638,Waterfall,-34.1347694,150.9931332,1
639,Waterloo,-33.9002762,151.2073137,1
640,Watsons Bay,-33.8432736,151.2825736,1
641,Wattle Grove,-33.9564013,150.9405862,1
642,Waverley,-33.9019365,151.2558816,1
643,Waverton,-33.8383333,151.1986892,1
644,Wedderburn,-34.1483333,150.8177778,1
645,Wentworth Point,-33.8268958,151.0774351,1
646,Wentworthville,-33.8066667,150.9677778,1
647,Werrington,-33.758666,150.7579617,1
648,Werrington County,-33.7469444,150.7486111,1
649,Werrington Downs,-33.7413889,150.7322222,1
650,West Hoxton,-33.9316667,150.8344444,1
651,West Killara,-33.7660606,151.1601121,1
652,West Lindfield,-33.7802907,151.1595848,1
653,West Pennant Hills,-33.7478359,151.0350621,1
654,West Pymble,-33.7646844,151.1318993,1
655,West Ryde,-33.8094444,151.0858333,1
656,Westleigh,-33.715,151.0677778,1
657,Westmead,-33.8076498,150.9877265,1
658,Wetherill Park,-33.8483333,150.9011111,1
659,Whalan,-33.7566667,150.8094444,1
660,Whale Beach,-33.6096795,151.3309449,1
661,Wheeler Heights,-33.7286867,151.2806965,1
662,Wilberforce,-33.5566667,150.8344444,1
663,Wiley Park,-33.9230556,151.0677778,1
664,Willmot,-33.7247222,150.7938889,1
665,Willoughby,-33.8063889,151.2002778,1
666,Willoughby East,-33.7991667,151.2061111,1
667,Windsor,-33.6055342,150.821953,1
668,Windsor Downs,-33.6566667,150.8094444,1
669,Winston Hills,-33.7761098,150.9816606,1
670,Wisemans Ferry,-33.3852776,150.9868024,1
671,Wolli Creek,-33.9310296,151.1243159,1
672,Wollstonecraft,-33.8332039,151.1959273,1
673,Woodbine,-34.0468369,150.8242711,1
674,Woodcroft,-33.7586111,150.8783333,1
675,Woodpark,-33.8413833,150.9602776,1
676,Woollahra,-33.8857968,151.2440867,1
677,Woolloomooloo,-33.8718758,151.2192218,1
678,Woolooware,-34.0448411,151.1401717,1
679,Woolwich,-33.8401988,151.1710614,1
680,Woronora,-34.1164957,150.9522795,1
681,Woronora Heights,-34.034387,151.027167,1
682,Yagoona,-33.9037907,151.0176677,1
683,Yarramundi,-33.6318172,150.6679956,1
684,Yarrawarrah,-34.056681,151.0308884,1
685,Yennora,-33.8620079,150.9686096,1
686,Yowie Bay,-34.0502778,151.1033333,1
687,Zetland,-33.9076623,151.2082183,1
